Ref.,Paradosis,Conjecture,Author,Year,Attested Place,Rem.
AP 5.218.2,γλυκεροὺς/-ρὰς,Γλυκέρας,Scaliger,s.xvi/xvii,P.Oxy. II 211,
AP 9.588.5,ἐπωμίδας,βραχείονας,Johannes Pierson,s.xviii med.,P.Tebt. I 3,
Ach.Tat. LC 2.2.1,γὰρ τὸν,τὸν γὰρ,Friedrich Jacobs,1821,P.Oxy. X 1250,
Ach.Tat. LC 2.9.2,-θιγεν,προσέθηκεν,B. G. L. Boden,1776,P.Oxy. X 1250,]ηκεν
Aesch. PV 157,ἐπεγήθει/ἐπιγήθει,ἐγεγήθει,Valckenaer,s.xviii med.,Ambros. gr. G 56 (D) et Matrit. gr. 4677 (N),
Aesch. T 1.5,-ουϲ,Ἀριϲτοφάνει,Bergk,1883,BXc,Hermes 18 (1883) 483
Aesch. T 56b.2,καταθ-,καϑέϲειϲ,Casaubon,1600,Marc. gr. 468 (V),"Animadv. 260, 24 sq."
Aesch. fr. 191.2,μέγα πῇ δ',μέγαν ἠδ᾽,Isaac Vossius,1629,Anon. B,
Aesch. fr. 300.3,-δεῖ/-δων,κυλίνδει,Salmasius,1629 (?),Anon. C,
Aesch. fr. 300.7,ἀγγέ-,ἀντέλλει,Grotius,1626,Anon. C et Tz.,
Aeschin. Ctes. 18,γέρα,ἱερὰ,P. P. Dobree,s.xviii/xix,P.Oxy. XIII 1625,ϊ[ε]ρα
Aeschin. Ctes. 18,γέρα,ἱερὰ,Hendrik Arent Hamaker,s.xviii/xix,P.Oxy. XIII 1625,ϊ[ε]ρα
Aeschin. Ctes. 20,τὸν ... σκυθρωπὸν,τῶν ... σκυθρωπῶν,Denys Lambin,s.xvi med.,P.Oxy. XIII 1625,
Aeschin. Ctes. 20,ἄγειν,ἄγει,Hieronymus Wolf,1572,P.Oxy. XIII 1625,
Aeschin. Ctes. 53,μὲν ἀληθῆ,ἀληθῆ μὲν,Cobet,s.xix ex.,P.Oxy. XXIV 2404,
Aeschin. Ctes. 94,ὁρώντων,ζώντων,Georg Kaibel,s.xix ex.,P.Oxy. IV 703,ζων[
Aeschin. Ctes. 167,-θίζει/-θεστήσῃ κτλ.,προσκαθιζήσει,Lobeck,s.xix in.,P.Oxy. III 457,προσκαθ[ιζ]ησ[ει
Aeschin. Tim. 173,ἐξαιτήσ-,ἐξαιρήσεται,Blass,1896,P.Gen. I 256,
Aeschin. Tim. 176,διισχ-,ἰσχθυρίζεσθαι,Hieronymus Wolf,1572,P.Gen. I 256,
Aeschin. Tim. 177,νόμους μέν,μὲν νόμους,Cobet,s.xix ex.,P.Gen. I 256,
Aeschin. Tim. 178,-γορούντων,κατηγόρων,Blass,1896,P.Gen. I 256,
Aeschin. Tim. 178,πᾶσι τοῖς δικαίοις,πᾶσι δικαίοις,Joseph Anton Hillebrand,1868,P.Gen. I 256,
Alc. fr. 34,]ϲον,δεῦτέ μοι νᾶϲον,C. Gallavotti,1947,P.Mich. inv. 3498 + 3250b recto,δεῦτ̣[έ] μοι νᾶcον; Borges-Sampson (2012)
Anaximen. Rh. 1.13,ἢ ἄ.,ἢ ὑπ' ἄνθρώπων,Leonhard von Spengel,1844,P.Hib. I 26,
Anaximen. Rh. 1.15,τὸν τρόπον τοῦτον,τοῦτον τὸν τρόπον,Leonhard von Spengel,1844,P.Hib. I 26,[τ]οῦ[το]ν τὸν [
Anaximen. Rh. 2.3,περιττῶς,τριττῶς,Bekker,1831,P.Hib. I 26,
Anaximen. Rh. 4.1,-λωμεν,διέλθωμεν,Leonhard von Spengel,1844,P.Hib. I 26,
Anaximen. Rh. 4.3,νόμος,ὁ ν.,Leonhard von Spengel,1844,P.Hib. I 26,
Anaximen. Rh. 4.4,ἴσασι/εἰδῶσι,τιμῶσι,Leonhard von Spengel,1844,P.Hib. I 26,
Ap. Rhod. 3.745,ναῦται,ναυτίλοι,Porson,s.xviii/xix,P.Oxy. IV 690,ναυ]τίλο̣ι
Ap. Rhod. 3.909,κατὰ,μετὰ,Henri Estienne,s.xvi ex.,P.Oxy. IV 691,μ[
Ap. Rhod. 3.1214 sq. schol.,-υσὶ,δρυῒ,Friedrich Ellendt,1835,Paris. 2727 (P),"1, 450 sq."
Ap. Rhod. 3.1226 schol.,ἠμφίεστο,ὑφέεστο,A. F. Naeke,1833-7,Laur. 32.9 (L),Rh. Mus. 2-5
Apollod. Π. θεῶν 20,-βαφεῖς,μελαμβαθεῖς,Brunck,1786,F,
Ar. Ach. 297,σύ μοι,μοι σὺ,Hermann,s.xviii/xix,P.Oxy. LXVI 4510,
Ar. Ach. 323,γ' ἆρα,τἄρα,Elmsley,1809,P.Oxy. LXVI 4510,E. was an heir
Ar. Ach. 325,δήξομαι γὰρ (vel γ' ἄρ') ὑμᾶς,δήξομἄρ' ὑμᾶς,Bentley,s.xviii in.,P.Oxy. LXVI 4510,
Ar. Ach. 401,σαφῶς,σοφῶς,Valckenaer,1757,Rav. 429 (R),
Ar. Ach. 912,δαὶ,δὲ,Bentley,n.d.,BKT V/II 231,
Ar. Ach. 917,θρυαλλίδας,θρυαλλίδα,Elmsley,1809,BKT V/II 231,
Ar. Ach. 928,φορούμενος,φερόμενος,Brunck,1783,BKT V/II 231,
Ar. Ach. 970,κιχλᾶν,κιχλῶν,Valckenaer,1757,Rav. 429 (R),
Ar. Av. 75,γὰρ (ἅτ’),γ’ ἅτ’,Valckenaer,1757,Rav. 429 (R),
Ar. Av. 494a schol.,μᾶτερ/μάτερ,μάτηρ,Elmsley,1821,M9Lh,
Ar. Av. 765 schol.,-φω,ἀναγράφει,Bentley,1693,cod. Ambr. M,
Ar. Av. 1069,om.,πάνθ',Ludolph Dissen,n.d.,P.Louvre ed. Weil = Austin 42,
Ar. Av. 1080,πᾶσι,om.,Triclinius,s.xiv in.,P.Louvre ed. Weil = Austin 42,
Ar. Av. 1314,καλεῖ,καλοῖ,Valckenaer,1757,Γ s.l. et Bp,
Ar. Av. 1672,καταστήσω,καταστήσας,R. B. Hirschig,1849,P.Oxy. LXVI 4516,
Ar. Av. 1693,διδότω,δότω,Valckenaer,1757,ΓUL,
Ar. Eccl. 51,Φιλοδωρίτου,Φιλοδωρήτου,Valckenaer,1757,Paris. gr. 2712 (A),
Ar. Eccl. 707,λαβούσας,λαβόντας,Valckenaer,1757,Rav. 429 (R) et Perus. H 56 (Λ),tacite
Ar. Eccl. 1124,ἔχει/ἔχοι,ἔχῃ,Valckenaer,1757,Perus. H 56 (Λ),tacite
Ar. Eq. 84b schol.,πλεῖον/πλείω,πλείους,Dindorf,1837,Estensis α.U.5.10 (E),
Ar. Eq. 143,ἐξολῶν,ἐξελῶν,Valckenaer,1757,Rav. 429 (R) et sch.,V. cites the scholia
Ar. Eq. 881,τηλικουτονί,τηλικοῦτον,Valckenaer,1757,Laur. 31.13 (X),
Ar. Eq. 1017,ἐκέλευσ',ἐκελευ',Frederick H. M. Blaydes,1882,P.Oxy. XI 1373,
Ar. Eq. 1058,φράσαι/φράζευ,φρασ]σαι,Brunck,1783,P.Oxy. XI 1373,
Ar. Lys. 427,ἀλλ’,ἄλλ’,Valckenaer,1757,MS (Brunck 1781),
Ar. Nub. 507,μελιττοῦταν,μελιτοῦτταν,Valckenaer,s.xviii ex.,Laur. Conv. Soppr. 140,
Ar. Pax 1013,ἀποχειρωθείς,ἀποχηρωθείς,Valckenaer,1757,Marc. gr. 474 (V),
Ar. Plut. 1018,παγκάλας,παγκάλους,Valckenaer,1757,Mpc et L,
Ar. Plut. 1037,τυγχάνει,τυγχάνοι,Valckenaer,1757,Marc. gr. 474 (V),
Ar. Plut. 1116,ἐπιθύει,ἔτι θύει,Valckenaer,1757,Marc. gr. 474 (V),
Ar. Ran. 77,om.,γ᾽,Bentley,1691,Marc. gr. 475,teste Peppink ad Mnem. N.S. 60 (1933) 382
Ar. Ran. 269,τῷ κωπίῳ,τὼ κωπίω,Valckenaer,1757,Matrit. 4683,
Ar. Ran. 673,ποιῆσαι,νοῆσαι,Valckenaer,1757,Marc. gr. 474 (V),
Ar. Ran. 690,ἐγγενέσθαι,ἐκγένεσθαι,Valckenaer,1757,Md1 et U et Vs1,ἐκγενέσθαι MSS
Ar. Ran. 743,οἴμωζε,ᾤμωζε,Valckenaer,1757,Neap. II F 22 (Np1),
Ar. Ran. 1496,-σι,σεμνοῖσιν,Brunck,1783,Bodl. Holkh. gr. 88 (L),
Ar. Vesp. 576,γράψομαι,γράφομαι,Brunck,1783,P.Oxy. XI 1374,
Ar. Vesp. 790,ἐπέθηκε,ἐνέθηκε,Bergk,n.d.,P.Oxy. XI 1374,
Ar. Vesp. 1132/5,ἀναλαβοῦ,ἀναβαλοῦ,Valckenaer,1757,B et Rpc,
Ar. fr. 755,καὶ τῶν βελέκκων,βελέκκων,Theodor Kock,n.d.,P.Oxy. XV 1801,
Arat. Phaen. 736,ἰοῦσα,ἄγουσα,Buttman,n.d.,BKT V/I 7503 + 7804,
Arat. Phaen. 750,ἐμπλήσει,ἐμπλήσσει,Voss,n.d.,BKT V/I 7503 + 7804,
Arat. Phaen. 870,φαίνονται,φαίνωνται,Voss,n.d.,BKT V/I 7503 + 7804,
Ath. 9.375E,νοθ-,νοτοῦντι,Jan Cornelis de Pauw,1745,Marc. 447 (A),
Ath. 11.490E,οὐρανός τε γῆ,οὐρανοστεγῆ,Benjamin Heath,1798,Marc. 447 (A),apud Schweighäuser
BGU 1074,Οὐήρῳ,Σευήρῳ,Viereck,n.d.,P.Oxy. XXVII 2476,
Bacchyl. 17.53,μ[ε κουρ]α,με νυμ[φα,H. Jurenka,1898,P.Oxy. VIII 1091,
Bacchyl. 17.62,βαθείας, ἐκ βαθείας,Blass,1898,P.Oxy. VIII 1091,
Bacchyl. fr. 20B.11,αὐτὴ/αὐτὰς,αὐτίκα,Georg Kaibel,s.xix ex.,P.Oxy. XI 1361,αυτ̣ικ̣[.]
Call. Ap. 2,οἷο δ',οἷον,Valckenaer,1799,P.Oxy. XX 2258,
Call. Ap. 7,μακράν,-ρην,Meineke,1861,P.Oxy. ined. A fr. 2 recto,
Call. Ap. 8 schol. Ψ,-ρευομ-,καθιερωμένων,Meineke,1861,Ambros. 734 (e),
Call. Ap. 10,ἴδη,ἴδεν,C. J. Blomfield,1815,P.Oxy. XX 2258,]δεν
Call. Cer. 86,om. vel ἀμέλγει,ἀμιθρεῖ,David Ruhnken,1761,P.Oxy. XIX 2226,
Call. Cer. 86,om. vel ἀμέλγει,ἀμιθρεῖ,Valckenaer,1799,P.Oxy. XIX 2226,
Call. Cer. 93,ἶνες,ρινος,Valckenaer,1799,P.Oxy. XIX 2226,
Call. Cer. 106,ἤδη,οὐδὲν,Bergk,s.xix med.,P.Oxy. XIX 2226,
Call. Del. 25,ὑπαὶ ῥιπῆς,ὑπ]ὸ ῥιπαῖς,C. J. Blomfield,1815,P.Oxy. XIX 2225,
Call. Del. 158,ὑπ᾽ ὀμ-,ὑφ᾽ ὁμοκλῆς,Janus Lascaris,1496,P.Oxy. XIX 2225,υφομ[
Call. Del. 159,πανσυ-,πασσυδίῃ,Janus Lascaris,1496,P.Oxy. XIX 2225,
Call. Del. 179,καρπόν,καπνόν,Reiske,1757-66,P.Oxy. XIX 2225,
Call. Dian. 16,-μάδας,ἐνδρομίδας,Janus Lascaris,1496,Et.Gen.,
Call. Dian. 29,ὅτι,ὅτε,Janus Lascaris,1496,P.Mil.Vogl. II 42,
Call. Dian. 61,μοχθίσσειαν,μυχ-,Meineke,1861,P.Ant. I 20,lemma
Call. Dian. 70,-ύσεται,μορμύσσεται,Janus Lascaris,1496,P.Ant. I 20,
Call. Jov. 80,σφι,σφε,Bentley,1693,P.Oxy. ined. A fr. 1 recto,
Call. Lav.Pall. 52,μ᾽ οὐκ,μὴ οὐκ,Arnaldus,s.xviii in.,Paris. Gr. 2763 (E),
Call. Lav.Pall. 117,ἐ.,δ᾽ ἐρέει,Bergk,s.xix med.,Paris. Gr. 2763 (E),
Call. fr. 43.14,παραχρῆμ',παρὰ χρέος,A. F. Naeke,1845,P.Oxy. XVII 2080,
Call. fr. 43.16,ἀκουὰς,ἀκουαῖς,Bentley,1693,P.Oxy. XVII 2080,
Call. fr. 43.64,γαιοδόται,γεωδαῖται,Bentley,1693,P.Oxy. XVII 2080,
Call. fr. 43.71,γυνή,γύπῃ,David Ruhnken,1761,P.Oxy. XVII 2080,
Call. fr. 43.71,γυνή,γύπῃ,Jonathan Toup,s.xviii med.,P.Oxy. XVII 2080,Exeter
Call. fr. 178.33,ναυτιλίῃσιν ἥν,]λίης εἰ νῆιν,Nauck,s.xix ex.,P.Oxy. XI 1362,?
Call. fr. 191.10,χάλκεον,Παγχαῖον,Bentley,1693,P.Oxy. XI 1363,
Call. fr. 197.1,ὅπερ Φεραῖοϲ αἰνείων-,-αῖοϲαινίωνθὲοϲ,Wilamowitz,1905,P.Oxy. XVIII 2171,Herm. 40 p. 158
Call. fr. 272,Δεκελ-,δ᾽ ἐκλειόθεν,Bentley,1693,Et.Gen.,
Call. fr. 326,θανεῖν,θανέειν,Bentley,1693,'Zonar.' codd. Tittm.,
Call. fr. 384.26,-ϲομ-,θηϲαμενω,Hunt,1922,P.Oxy. ined.,]ηϲαμενω[
Call. fr. 388.9,Φωκείων,Φωκαέων,Valckenaer,1799,P.Oxy. XV 1793,
Call. fr. 407.92,ὀρνίθων,ὀρνέων,F. J. Bast,s.xviii/xix,Anon.Vat.,
Charito 2.3.5,ποθεν,ποδῶν,Jacques Philippe D'Orville,1750,P.Oxy. VII 1019,
Charito 2.4.5,ἐπυρφόρει,επυρπ̣ο[λει,Hercher,1854,P.Oxy. XLI 2948,
Charito 2.4.6,μή τις,μή τι,Cobet,1842,P.Oxy. XLI 2948,
Charito 2.4.7,ἀπόλωλαϲ ὦ,ἀπόλωλά cοι,Zimmerman,1925,P.Oxy. XLI 2948,Philologus LXXX (1925); απολ]ωλ̣α̣ ϲ̣οι
Charito 2.4.7,οὐδ' ... οὐδ',ουτε ... ο[υ]τ̣[ε,Hercher,1854,P.Oxy. XLI 2948,
Charito 2.4.8,δὲ τίϲ,ϲέ τιϲ,Cobet,1842,P.Oxy. XLI 2948,
Charito 2.4.8,τίνας,τίνα,Hercher,1854,P.Oxy. XLI 2948,
Charito 2.4.9,αν επειθεν,ανεπειθ[εν,Hercher,1854,P.Oxy. XLI 2948,
Charito 2.11.5,μᾶλλον οὐ,μαλλον η,C. D. Beck,1783,P.Michael. 1,
Charito 4.2.8,τοσοῦτον,τουτον,F. L. Abresch,1753-5,P.Fay. 1,
Charito 4.2.9,αἵματος,τ̣ολμ[ηματος,Cobet,1842,P.Fay. 1,
Charito 4.2.13,ἐμνημόνευσεν,εμνη]μονε[υ]σας,Reiske,1750,P.Fay. 1,
Charito 8.5.12,ἔχειν,del.,Hercher,1854,codex Thebanus,spatium non sufficit in Theb.
Charito 8.6.10,λειποψυχῶν,λιπ-,Cobet,1842,codex Thebanus,
Charito 8.6.11,ἐπεκλύοντο,-κυλιοντο,Jacques Philippe D'Orville,1750,codex Thebanus,
Charito 8.6.12,-ριον,αργυρον,Hercher,1854,codex Thebanus,
Charito 8.7.2,ὅτε,ποτε,Reiske,1750,codex Thebanus,
"Choerob. in Theod. p. 231, 6-7",Παλάμ-,Πάλμυδος,Dindorf,1864,Marc. 489 (V),"Gr. Gr. iv/1 Hilg.; ThGL 6,108 D"
"Choerob. in Theod. p. 268, 35",λινό-,αἰνοτάλαντα,Bekker,1821,Marc. 489 (V),Gr. Gr. iv/1 Hilg.
"Choerob. in Theod. p. 352, 11",-τήτειρα,ὀπτῆρα,A. F. Naeke,1845,Coisl. 176 (Bekker),Gr. Gr. iv/1 Hilg.
Clem.Al. Strom. 2.9.45,θαυμάσας,θαμβηβεὶς,Theodor Zahn,1892,P.Oxy. IV 654,Gesch. d. NT. Kan. ii. p. 657
D.H. 1.48.2,-λεῖ,κύκλῳ,Reiske,1775,Urb. 105 (B),
D.L. 2.18,Εὐριπίδης,-δας,Cobet,1850,Laur. 69.13 (F),
D.L. 3.56,-ϲαν,ϲυνεπλήρωϲεν,Usener,1870,Laur. 69.13 (F) et Paris. gr. 1759 (P),RhM 25 (1870) 579; -σαν BPF teste Dorandi
D.S. 9.10.4,ἐᾷ τὰ γρ.,ἐᾷ με γρ.,Dindorf,s.xix med.,Vat. teste Herwerden,
"D.T. schol. p. 471, 35",Ἀντιφ-,Ἰοφῶντος,J. A. Cramer,1837,Vat. gr. 14 (C),
Dem. 19.280,καὶ τοῦ,τοῦ,P. P. Dobree,s.xviii/xix,P.Oxy. VIII 1094,
Dem. Ep. 3.9,τὸ ὅσον,ὅσον,Blass,n.d.,P.Lond.Lit. 130 (inv. 133),
Dem. Ep. 3.22,ἀγνώμοσι,ἀγνῶσι,P. P. Dobree,s.xviii/xix,P.Lond.Lit. 130 (inv. 133),
Dem. Ep. 3.22,ἠδικεῖσθε/ἀδικεῖσθαι,ἀδικοῖσθε,Sauppe,n.d.,P.Lond.Lit. 130 (inv. 133),
Dem. Ep. 3.25,οὐδεὶς ἂν,οὐδεὶς,Sauppe,n.d.,P.Lond.Lit. 130 (inv. 133),
Dem. Ep. 3.27,τὴν,τιν',Blass,n.d.,P.Lond.Lit. 130 (inv. 133),
Dem. Ep. 3.28,δὲ,δ'ἐν,Reiske,1770-3,P.Lond.Lit. 130 (inv. 133),
Dem. Ep. 3.30,πατρώιος,πατρίους,Wolf,n.d.,P.Lond.Lit. 130 (inv. 133),
Dem. Ep. 3.30,γενήσεσθαι,γενέσθαι,Fuhr,n.d.,P.Lond.Lit. 130 (inv. 133),
Dem. Ep. 3.31,Εὔδικον/Εὔδημον,Εὐθύδικον,Blass,n.d.,P.Lond.Lit. 130 (inv. 133),
Dem. Ep. 3.38,om.,ἐὰν,Bekker,n.d.,P.Lond.Lit. 130 (inv. 133),
Dem. Prooem. 26,κοιῶς,κοινῶν,Wolf,1812,P.Oxy. I 26,
Din. 1.109,ἐλεήϲετε,ε̣λ̣ε̣ηϲαιτε,P. P. Dobree,1831,P.Oxy. XLIX 3436,
Din. 3.21,καταλλάξαϲθαι,ἀντικαταλλ-,G. A. Hirschig,1850,P.Oxy. XLIX 3437,Philologue 5 (1850) 326-328
Din. 3.22,om.,ψηφιϲμάτων,Eduard Maetzner,1842,P.Oxy. XLIX 3437,
Diog. Ep. 34.2,ἀρκ-,ἀλκτήρια,Alfons Hecker,1842,Pal. 398 (P),Comment. Callim. (1842) 92 ad Callim. fr. 346 Pf.
Epict. Diatr. 4.1.136,om.,εἰ,Hieronymus Wolf,1560,P.Cair.Mich. II 11,vel πότερον Wolf
Eur. Hec. 580,λέγον,λέγων,Johannes Pierson,pre-1752,MB et V2 et iΣm,
Eur. Hec. 931,Ἰλιάδα,Ἰλιάδος,Valckenaer,1749,K1c et PrRfRw,
Eur. IT. 252,καὶ τυχόντες,κἀντυχόντες,Reiske,1753-4,P.Hib. 24,
Eur. IT. 1618,τήνδε,τῆσδε,Bothe,n.d.,P.Hib. 24,
Eur. Med. 1180,δρομήμασιν,δραμήμασιν,Cobet,s.xix ex.,P.Oxy. XX 2337,
Eur. Or. 239,δ' εἰς,φέροις,Valckenaer,1749,Laur. 32.2 (L) et Cantab. Nn. 3.14 (Z),
Eur. Or. 294,"ἀνακαλύπτ', ὦ",ἀνακαλύπτου,Valckenaer,1749,B2 et Tt1/2,
Eur. Or. 329,απόφατιν,ἄπο φάτιν,Valckenaer,1749,RS et Prc,
Eur. Or. 1340,ἀλλ',ἄγ',Weil,n.d.,P.Oxy. XI 1370,
Eur. Ph. 134 schol.,εἰμὶ,εἶμι,Bentley,1693,Taur. B IV 13,
Eur. Ph. 1040,ἰαζὰ,ἀχὰ,Samuel Musgrave,1778,P.Oxy. II 224,ἀχᾷ Π2
Eur. Ph. 1040,πόλεως,πόλεος,Porson,1824,P.Oxy. II 224,
Eur. Ph. 1132,βίαι,βάθρων,Adolf Kirchhoff,1855,T.Vindob. inv. G HT 6,
Eur. Ph. 1149 schol.,-ϲτρέψαι,ἀναϲτέψαι,Joshua Barnes,1694,Vat. 909 (A),
Eur. T 1.IA.2-3,ἑταῖρος δὲ δοκεῖ,ἑταῖρος. δοκεῖ δὲ,Elmsley,1821,RwZc,
Eur. fr. 119+120.6,πατρος,πάτρας,Heinrich Düntzer,1850,P.Oxy. XXXII 2628,Philologus 5 (1850) 186
Eur. fr. 495.42,τῶν τέχνων,τω]ν κενων,Conrad Gesner,1543,BKT V/II 5514,
Eur. fr. 588.3,οὐδὲν,οὐδέν᾽,Grotius,1623,Diog. Laert. Bc,
Eur. fr. 653.4,ἄρα καί,χρῆν,Nauck,1855,P.Oxy. XLV 3214,Obs. 45 sq.
Eur. fr. 752k.20,οὖϲι(ν),θύειν,Cobet,s.xix med.,P.Oxy. VI 852,
Eur. fr. 757.843,-φερον,ἔφερβον,Gilbert Murray,1906,P.Petr. II 49(c),
Eur. fr. 820b.4,θεοῦ,θεῶν,Wilamowitz,s.xix/xx,PSI XV 1476,
Eur. fr. 870,αἷμα,ὄμμα,J. Fr. Boissonade,1826,Phot. z,
Eur. fr. 911.2,ἐρόεντα,πτερ-,Grotius,1626,P.Oxy. IX 1176,Satyr. Vit.Eur.; πτε[...]τα
Eur. fr. 912.1,χοήν,χλόην,Bergk,1839-41,P.Oxy. IX 1176,ap. Welcker 1602
Eur. fr. 912.2,φέρων,φέρω,Grotius,1626,P.Oxy. IX 1176,φερ[.]
Eur. fr. 1063.2,: ἄνδρ᾽ ἢ κτλ.,ἄνδρα χρὴ,Conrad Gesner,1543,Chor. 32.52,
Eust. Il. 353.33,-ὸς,αἰσχρῶς,Guarinus Camers,s.xv/xvi,MS,
Hdt. 1.105,ὁ θέος,η θε[ος,Hude,n.d.,P.Oxy. X 1244,
Hdt. 1.107,ὑπο-,ῡπερθεμενος,Henri Estienne,s.xvi ex.,P.Oxy. X 1244,
Hdt. 1.116,ἐσήει,ἐσήιε,Bekker,1833,P.Münch. II 40 = Pap. graec. mon. 89,
Hdt. 1.196.1,ὧδε,οἵδε,Eltz,n.d.,P.Ross.Georg. I 15,
Hdt. 1.196.3,οἱ ἐξέλθοι,διεξέλθοι,Stephan Bergler,1715,P.Ross.Georg. I 15,B. apud Gronovius
Hdt. 2.79.1,ἅπαξ ἅ,ἁπαξὰ,Hoffmann,n.d.,P.Oxy. inv. 85/40a,
Hdt. 2.175,οἱ,οἷα,F. L. Abresch,s.xviii med.,P.Oxy. VIII 1092,
Herm. Sim. 2.17,⟨καὶ⟩ εὐχαριστεῖ,εὐχαριστῶν,Tischendorf,n.d.,P.Oxy. IX 1172,
Herm. Sim. 2.28,συνιει,συνηκεν,Tischendorf,n.d.,P.Oxy. IX 1172,
Herm. Sim. 8.54,λοιπόν,αὐτόν,Hilgenfeld,n.d.,P.Oxy. XIII 1599,
Hes. Op. 263,-λεῖς/-λῆες,βασιλῆς,G. H. Schaefer,s.xviii/xix,P.Oxy. VIII 1090,
Hes. Op. 264,δικῶν,δικέων,Adolf Kirchhoff,1889,P.Oxy. VIII 1090,
Hes. Op. 268,ἐθέληισ',ἐθέληι,K. F. Heinrich,s.xviii/xix,P.Oxy. VIII 1090,
Hes. Op. 518,βορέου,βορεω,Rzach,n.d.,P.Oxy. XLV 3228,
Hes. Sc. 15,οὐ γάρ οἱ,οὐδέ οἱ,Hermann,1874,Stud.Pal. I,
Hes. Sc. 432,ἐλθεῖν,ἐλθέμεν,Nauck,1889,Stud.Pal. I,
Hes. Th. 87,αἶψα τε,αἶψά κε,Rudolf Peppmüller,1896,P.Achm. 3,
Hes. Th. 93,οἷά τε,τοίη,Guiet,n.d.,P.Achm. 3,
Hes. Th. 656,ὅτι,ὅ τοι,Hermann,n.d.,P.Ryl. 54,
Hes. Th. 768,habent,del.,F. A. Wolf,1783,P.Oxy. XXXII 2648,= Od. 10.534; 11.47
Hom. Il. 5.667,ἀμφιέποντες,αμ]φις έποιτ[ες,Brandreth,1841,P.Oxy. IV 759,
Hom. Il. 6.493,πᾶσιν ἐμοὶ δὲ μάλιστα τοὶ Ἰλίῳ,πασι μαλιστα δ εμοι τοι Ιλιωι,C. A. J. Hoffmann,s.xix med.,P.Oxy. III 445,
Hom. Il. 12.449,εἰσ'· ὃ δέ μιν ῥέα,ει[σιν ο δε]ρρεα,Nauck,1877,P.Lond.Lit. 251 + P.Harr. I 36,
Hom. Il. 13.742,ἤ κεν ἐνὶ,ηε κεν εν,Ahrens,1843,P.Amh. inv. G 202,Rh. Mus. 2 (1843) 170
Hom. Il. 17.89,ἀσβέστωι,ἀσβέτωι,Ludwich,1916,P.Berol. inv. 16007,Rh. Mus. 71 (1916) 211
Hom. Il. 23.198,ὠκέα δ',ὦκα δὲ,Bentley,1730s,P.Grenf. II 4,
Hom. Il. 23.535,δ᾽ ἐν ᾿Αργείοις,δ]᾽ εν Αχαιοισιν,Nauck,1877,BKT V/I 5,
Hom. Il. 24.192,κεχάνδει,κεχ]όνδει,August Fick,1886,P.Lond.Lit. 27,
Hom. Od. 5.8,καὶ,μηδ’,Nauck,1874,P.Tebt. III/I 697,
Hom. Od. 8.106 schol.,εὐφύ-,ἐν φύλλοισιν,Joshua Barnes,1711,Marc. 613,Homeri Odyssea p. 171
Hom. Od. 10.10,αὐλῆ(ι),αὐδῆι,Nitzsch,1826–40,P.Oxy. XLIX 3441,αυδη[]
Hom. Od. 10.19,δῶκε δέ μοι ἐκδ-,δῶκέ μοι ἐκδείρας,Voss,pre-1782,P. Oxy. XLIX 3441,
Hom. Od. 11.393,ἔτ’ ἦν,εην,Nauck,1874,P. CtYBR inv. 5128,
Hom. Od. 24.209,ἠδὲ ἴαυον,ἠδ’ ενϊαυον,Nauck,1874,P.Ryl. 53,
Hsch. α 2737,παλαιός,μάταιος,F. W. Schmidt,1886,Cyrill. ph,"Krit. St. 1,112"
Hsch. α 2737,ἀλαιός,ἀλεός,Gottfried Sopingius,s.xvi/xvii,Cyrill. ph,apud Schrevelius/Alberti
Hsch. κ 4905,καμίκην,Καμικοῖς,Johannes Alberti,1766,Cyrill.,
Isoc. Ad Nic. 2,διοικοῖς,διοικῇς,Blass,1891,Pap. Massiliensis = CPF I.2 17,
Isoc. Ad Nic. 8,ταῖς μοναρχίαις,τὰς μοναρχίας,Cobet,1783,Pap. Massiliensis = CPF I.2 17,
Isoc. Paneg. 68,γε,ελαττω γε,Cobet,1783,P.Oxy. V 844,
Macr. Sat. 5.19.8,-ΤΡΑΙ,ΚΑΛΥΠΤΑΙ,Valckenaer,1767,TRFA,Diatr. 167C
Men. Asp. 173,τ’ εμου,τ̣ι̣ μ̣[ου,E. W. Handley,1969,P.Oxy. LXI 4094,ZPE 4 (1969) 162
Men. Asp. 194,δ’ ειμαι vel δειμαι,δει με,Parsons,1969,P.Oxy. LXI 4094,ZPE 4 (1969) 163
Men. Asp. 194,δ’ ειμαι vel δειμαι,δ’ ει με,Kassel,1969,P.Oxy. LXI 4094,ZPE 4 (1969) 163
Men. Asp. 394,-ως,ασμενος,M. L. West,1966,B,Philologus 110 (1966) 157
Men. Epit. 227,δέ,δή,Wilamowitz,1925,P.Oxy. XXXVIII 2829,
Men. Epit. 385,ϲτριφνοϲ,ϲτιφ[ρο]ϲ̣[,Sandbach,1972,P.Oxy. LX 4022,
Men. Epit. 897,συγγν[..]ης [..]ρος,συγγν[ώμ]ης [μέ]ρος,Jan van Leeuwen,1908,P.Oxy. X 1236,
Men. Her. fr. 2.2,δὲ δεῖ,δεῖ,Guil. Morelius,1553,P.Bour. 1,
Men. Kol. 50,νῦν,νυνί,Grotius,s.xvii in.,P.Oxy. III 409,Eust.1833.58.; G. apud Clericum
Men. Kon. fr. 1.2,ἴδηις,ειδηις,Meineke,1839-51,P.Berol. inv. 21312 b. c + P.Schub. 27,Men. et Phil. p. 103
Men. Mis. 51–52,ὕοντα πολλῶι,ϋοντα πολλω,Porson,s.xviii/xix,P.Oxy. XLVIII 3368,ap. Dobree Adv. II p. 285
Men. Phasm. 73,-ϲθαι ἀν,ε]π̣ιϲημ̣[αιν]εϲθεαν,Bentley,post-1710,P.Oxy. XXXVIII 2825,Meineke Men. et Phil. p. 498
Men. Pk. 46,θ’ εαυτων,θ αυτων,W. G. Headlam,1908,P.Heid. G 219 + 239 h,
Men. Pk. 46,θ’ εαυτων,θ αυτων,W. G. Headlam,1908,P.Heid. G 219 + 239 h,
Men. Pk. 46,θ’ εαυτων,θ αυτων,Jan van Leeuwen,1908,P.Heid. G 219 + 239 h,
Men. Sam. 280,τουτον,τουτονϊ,Jan van Leeuwen,1908,P.Bodm. XXV + Pap. Barcinonensis inv. 45,
Men. Sam. 588,μικρο̄,μικρα,Leo,1907,P.Bodm. XXV + Pap. Barcinonensis inv. 45,NGG (1907) 315-341
Men. fr. 158.2,ἀρπάγην,ἀρπαγήν,Valckenaer,1739,Ph.Bybl. 28,Animad. p. 23
Men. fr. 167.3,-άϲαϲαν,ἐπιπολάϲαν,Wilamowitz,1870,Phot. (z) α 2806,Obs. (diss. Berol.)
Men. fr. 248,τε,δὲ,Meineke,1839-51,Schol. R Soph. OC 1375,FCG
Men. fr. 412.2,εἰς τὴν ἕκτην (ἐπὶ δέκα),ἕκτην ἐπὶ δέκα,Porson,s.xviii/xix,Ph.Bybl. 87,Misc. p. 253
Men. fr. 602.2,γε,τε,G. H. Schaefer,1817,P.Oxy. XLIX 3433,ad Brunck ΗΘΙΚΗ ΠΟΙΗϹΙϹ (1817) p. 264
Men. fr. 602.5,ἐψευϲμένοϲ,ϲ' ἐψευϲμένοϲ,Grotius,1626,P.Oxy. XLIX 3433,Exc. p. 755
Men. fr. 602.11,οἶκτον,ὄγκον,Friedrich Duebner,1938,P.Oxy. XLIX 3433,Menandri et Philemonis Fragmenta p. 54
Men. fr. 602.18,λοιπόν,λυπηρόν,Wilamowitz,1876,P.Oxy. XLIX 3433,Herm. 11 (1876) 504
Men. fr. 644,ἀπολόμ-,ἀπωλλύμεϲθα,Theodor Kock,1880-8,Schol. V Ar. Av. 374,CAF
Nonn. Dion. 14.393,ἀκωκήν,κολώνην,Graefe,n.d.,P.Berol. inv. 10567,κορώνην
Nonn. Dion. 14.398,πολυσταφύλῳ,φιλοσταφύλῳ,Graefe,n.d.,P.Berol. inv. 10567,
Nonn. Dion. 15.87,οἰνηθέντες,οἰνωθεντες,Graefe,n.d.,P.Berol. inv. 10567,
Nonn. Dion. 15.112,ἐλαίης,Ἀθήνης,Köchly,n.d.,P.Berol. inv. 10567,
Nonn. Dion. 15.165,Βάκχοιο,Γλαύκοιο,Falkenburg,n.d.,P.Berol. inv. 10567,
Nonn. Dion. 15.165,μαχητάς,μαχηταῖς,Köchly,n.d.,P.Berol. inv. 10567,
Opp. C. 4.208,ἐρυϲϲάμενοι,ερειϲάμεν[οι,Johannes Pierson,1752,P.Oxy. LXXXI 5278,
Orac. Sib. 516-517,"516, 517","517, 516",Geffcken,n.d.,P.Flor. 398,
P.Giss. 50.34,[,Σαλωνείνου Οὐαλεριανοῦ,Paul M. Meyer,1910,P.Oxy. X 1273,
P.Lond. 256 recto(e) 10,[,ἀποχήν,Wilcken,1906,P.Oxy. VII 1024,χιρογρα̣φιαν Kenyon
P.Lond. II 214.20,]νγραφα,ἔνγραφα,Wilcken,1901,P.Oxy. VIII 1121,συνγραφα Kenyon
P.Oxy. II 266.15,[ἀν]αζυγήν,[δι]α-,Edgar-Hunt,1932,P.Oxy. XLIX 3491,Sel.Pap. I 7.15
P.Oxy. II 384,τριω( ),τρι<sup>μ</sup>,Herbert C. Youtie,1971,P.Oxy. XXXVIII p. 45,P.Oxy. II p. 280
P.Oxy. VI 970,ἐπ̣ι̣σ̣κ[,ἐπισκέψεσι,Grenfell-Hunt,1908,P.Oxy. XLII 3046,
P.Oxy. XIV 1659.42,Ἀντιπ(έρα) Πέλα,Ἀντιπέρα Πέλα,Grenfell-Hunt,1920,P.Oxy. XXVII 2473,
P.Ryl. 652.10,ορ( ),ὁρρίοις,Roberts-Turner,1952,P.Oxy. XXIV 2408,
P.Tebt. 286.15,om.,ἱερεύς,Hunt,1907,P.Oxy. VIII 1092,
Philo Ebr. 2,om.,τοῦ,Richter,n.d.,P.Oxy. IX 1173,[τ]ο̣υ
Philo Ebr. 221,ἐπειδάν,ἐπειδάν δ',Wendland,1897,P.Oxy. IX 1173,
Philo Ebr. 221,οἰνηρεύσεις,οινηρυσει[ς,Turnebus,n.d.,P.Oxy. IX 1173,
Philo Ebr. 222,μαρμάζει,μαιμᾷ,Mangey,n.d.,P.Oxy. IX 1173,μαιμαῑ
Phot. α 448,ἄμπελον,ἄπεπλον,Leo,n.d.,z,"Leo KI. Schr. 2,409 et Wil. Kl. Schr. 4,529"
Pi. I. 6.87a schol.,-ειν/-ων,συντέμνει,Petros N. Papageorgiu,1880,codd.,
Pi. N. 6.27,ἄντα σκοποῦ,σκοποῦ ἄντα,Giovanni Luigi Mingarelli,pre-1772,P.Berol. inv. 16367,
Pi. O. 1 schol. Inscr. a,ογ΄,οϛ΄,Bergk,1878,P.Oxy. II 222,Poet. Lyr. i. p.4
Pi. O. 2.76,γᾶς,μέγας,Jan Cornelis de Pauw,1747,P.Oxy. XVII 2092,
Pi. O. 6.77,ὄροις,ὄρος,Zacharias Callierges,1515,P.Oxy. XIII 1614,
Pi. Pae. 9.4,ἰσχὺν πτανὸν (ἀν)δράσιν,ἰσχύν τ'ἀνδράσι(ν),Blass,n.d.,P.Oxy. V 841,
Pl. Phd. 82e,τῳ δεδέσθαι,τοῦ δεδέσθαι,Heindorf,1810,P.Lond.Lit. 145 (inv. 488),
Pl. Phdr. 228b,πάνυ τις,πάνυ τι,Schanz,n.d.,P.Oxy. VII 1016,
Pl. Phdr. 239a,τῶν,τοῖς,Heindorf,n.d.,P.Oxy. VII 1017,
Pl. Phdr. 251a,δεδίει/δεδιείη,ἐδεδίει,Cobet,s.xix ex.,P.Oxy. VII 1017,
Pl. Phdr. 356c,ἴσαι,αἱ ἴσαι,Heindorf,n.d.,P.Oxy. VII 1016,
Pl. R. 547c,τό,[τω]ι,Burnet,n.d.,P.Oxy. XV 1808,
Pl. Smp. 202a,καὶ,del.,Stallbaum,n.d.,P.Oxy. VI 843,
Pl. Smp. 206c5,τῷ,del.,Badham,n.d.,P.Oxy. VI 843,
Pl. Smp. 208b,μετέχειν,μετέχει,Henri Estienne,1578,P.Oxy. VI 843,
Pl. Smp. 209a,κυεῖν,τεκεῖν,Hug,n.d.,P.Oxy. VI 843,
Pl. Smp. 209b,ἐπιθυμεῖ,επιθυμη,Henri Estienne,1578,P.Oxy. V 843,
Pl. Smp. 222d,διαβάλῃ,διαβαλει,R. B. Hirschig,s.xix med.,P.Oxy. V 843,
Pl. Tht. 152b12,αἰσθάνεσθαί,αἰσθάνεταί,Gottfried Faehse,n.d.,BKT II,ἐστιν om.
Plb. 11.14.2,ἐμπειρίαν,τὴν τῶν ἡγουμένων ἐ.,Gronovius,s.xvii med.,P.Ryl. 60,
Plb. 11.14.3,προθεῖναι,προσθ-,Scaliger,s.xvi/xvii,P.Ryl. 60,
Plb. 11.15.5,ὡρακίτας,θωρ-,Ursinus,1582,P.Berol. inv. 9570 = APF 1:388-95,
Plb. 11.15.7,τέλος,θέρος,Causabon,1609,P.Ryl. 60,
Plb. 11.16.1,ὑπάγειν,ἐπάγ-,Sixtus Arcerius,1613,P.Berol. inv. 9570 = APF 1:388-95,ad Aelian. Tact. 32 p. 152
Plb. 11.16.2,πρὸς τ.,τοὺς,Johann Schweighäuser,1795,P.Berol. inv. 9570 = APF 1:388-95,
Plb. 11.16.5,προειρημένον,τὸ π.,Causabon,1609,P.Berol. inv. 9570 = APF 1:388-95,
Plb. 11.16.6,τὴν δυσχρήστην,τὸ -τον,Causabon,1609,P.Berol. inv. 9570 = APF 1:388-95,
Plb. 11.16.6,διαβάλλει,-βαλεῖ,Scaliger,s.xvi/xvii,P.Berol. inv. 9570 = APF 1:388-95,
Plb. 11.16.7,ἐμπορεία,ἐν πορείᾳ,Johann Schweighäuser,1795,P.Ryl. 60,
Plb. 28.2.4,om.,ϲυνεχωρηϲεν,Friedrich Otto Hultsch,1889,P.Oxy. LXXXI 5267,ϲ]υνεχωρηϲ[ε
Plu. Caes. 45.8,ταιc,αις,Moses Solanus,1729,P.Oxy. LXXXI 5270,
Priscian. Inst. 18.197,ὅσοι γὰρ/θεοῖς ἄρ',θεοὶ γὰρ,Madvig,1846,VR,Philol. 1 (1846) 672
Sapph. fr. 1.24,κὢ εἰ καὶ θέλεις,κωὐκ ἐθέλοισα,Bergk,1835,FP,κωϋ κεθέλουσα F: κ’ ώυ κ’ ἐθέλοις P
Sapph. fr. 44A.5,ἀεί,ἄϊ,Ahrens,1839-43,P.Sapph.Obbink,
Sen. Med. 677,effudit,effundit,Nicolaus Heinsius,s.xviii med.,P.Mich. inv. 4969 fr. 36,H. had a public career.
Simon. fr. 25,χεέτω,χείτω,M. L. West,1989,P.Oxy. LXXXI 5261,χέιτω is accented on papyrus.
Simon. fr. 88,λεύχης,λέσχης,Henri Estienne,s.xvi ex.,P.Oxy. XI 1362,
Soph. Aj. 378,ἔχειν,ἔχῃ,Valckenaer,pre-1775,Paris. gr. 2735 (C),
Soph. Aj. 560,ὑβρίσῃ,ὑβρίσει,Valckenaer,1743-6,MS,
Soph. Aj. 756,,ἐθ’,Markland,s.xviii med.,MS,
Soph. Aj. 773,τότ'/ὅδ',τόδ,Johannes Pierson,s.xviii med.,Laur. 32.40 (H),
Soph. Aj. 773,τότ'/ὅδ',τόδ,Samuel Musgrave,s.xviii med.,Laur. 32.40 (H),
Soph. Aj. 842,,ἐκγόνων τ’,Markland,s.xviii med.,MSS,
Soph. Aj. 842,,ἐκγόνων τ’,Samuel Musgrave,pre-1780,MSS,
Soph. Aj. 1051,ὑβρίσῃ,οὔκουν,Valckenaer,1743-6,Vat. gr. 1333 (Zc),
Soph. Aj. 1098,τὸν,τόνδ’,Markland,s.xviii med.,Laur. 32. 9 (L),
Soph. Aj. 1237,ἔχειν,ποῖ,Valckenaer,pre-1775,cod. rec.,
Soph. Aj. 1243,ἤρεσκεν,ἤρκεσε,Johannes Pierson,s.xviii med.,MS,
Soph. Aj. 1274,,ἐντός,Markland,s.xviii med.,a,
Soph. Ant. 76,σοί,σύ,Valckenaer,1746,Vat. gr. 57 s.l.,
Soph. Ant. 342,κουφονέων,κουφονόων,Johannes Pierson,s.xviii med.,Λac et S,
Soph. Ant. 384,om.,ἡ,Markland,s.xviii med.,Vat. Pal. gr. 287 (Zo),
Soph. Ant. 406,εὐρέθη,ᾑρέθη,Markland,s.xviii med.,Laur. 32. 9 (L),fort. pc legit sch. ut videtur
Soph. Ant. 592,βρέμουσι δ',βρέμουσιν,Johannes Pierson,s.xviii med.,Vat. Pal. gr. 287 (Zo),
Soph. Ant. 599,ὑπὲρ,ὅπερ,Markland,s.xviii med.,Laur. 31.10 (K),s.l. (ex sch.)
Soph. Ant. 695,ἀπ’,ἐπ’,Johannes Pierson,s.xviii med.,Paris. gr. 2712 (A),
Soph. Ant. 836,-ῃ/-ῳ/-αν,φθιμένᾳ,Johannes Pierson,s.xviii med.,Laur. 32. 9 (L) et a,
Soph. Ant. 938,πατρογενεῖς,προγενεῖς,Valckenaer,pre-1775,Laur. 32. 9 (L),
Soph. Ant. 1238,ἐκβάλλει,ἐμβάλλει,Markland,s.xviii med.,Berol. Phillips 1588,
Soph. Ant. 1350,μηδὲν,μηδέν’,Markland,s.xviii med.,MSS,
Soph. El. 952,,γ’,Johannes Pierson,s.xviii med.,Paris. gr. 2820,
Soph. El. 995,ποτ' ἐμβλέψασα,ποτε βλέψασα,Ludwig Doederlein,s.xix med.,P.Oxy IV 693 et Marc. gr. 616 (Zr),
Soph. El. 998,ἔλαττον,ἔλαϲϲον,Brunck,1786-9,P.Oxy IV 693,
Soph. El. 1029,μάθῃς,πάθῃς,Johannes Pierson,s.xviii med.,Pal. gr. 40 (P) et a,
Soph. El. 1044,,ποήσεις,Valckenaer,pre-1775,MSS,
Soph. El. 1127,om.,σ’,Markland,s.xviii med.,Matrit. gr. 4677 (N),gl.
Soph. El. 1139,om.,σ’,Markland,s.xviii med.,p,
Soph. El. 1226,ἔχεις,ἔχοις,Valckenaer,pre-1775,Laur. 32. 9 (L),
Soph. OC 180,προσβίβαζε,προβίβαζε,Valckenaer,1743-6,r,
Soph. OC 213,γεγωνῶ,γεγώνω,Reiske,1743,Laur. 32. 9 (L) et Vat. gr. 2291 (R),
Soph. OC 534,σοίτ’ ἄρ’/σαίτ’ ἄρ’,αὔτ’ ἄρ’,Markland,s.xviii med.,z,
Soph. OC 566,σ’,del.,Johannes Pierson,s.xviii med.,Laur. 31.10 (K) et a,
Soph. OC 793 schol.,-λείᾳ,Ἰφικλεῖ,Joannes Meursius,1619,Laur. 32. 9 (L),
Soph. OC 1012,om.,θ’,Markland,s.xviii med.,suppl. Paris. gr. 2886,
Soph. OC 1340,-σῃς/-σεις,ξυμπαραστήσῃ,Reiske,1743,a,
Soph. OC 1345,σθένω,θέλω,Markland,s.xviii med.,r,
Soph. OC 1515,στρέψαντα,στράψαντα,Reiske,1743,Laur. 31.10 (K),
Soph. OT 188,ὧν,τῶν,B. H. Kennedy,1885,PSI XI 1192,τω]ν
Soph. OT 430,οὐ,αὖ,G. Wolff,n.d.,P.Oxy. I 22,in linea
Soph. OT 433,ᾔδει(ν),ᾔδη,Dawes,s.xviii med.,P.Oxy. XVIII 2180,in margine
Soph. OT 458,αὐτὸς,αὑτὸς,Markland,s.xviii med.,Vindob. suppl. gr. 71 (Xs),pc
Soph. OT 523,om.,δ',Moriz Schmidt,1871-80,P.Oxy. XVIII 2180,in linea (Barrett apud OCT)
Soph. OT 733 schol.,κέλευθον,κελεύθων,Scaliger,post-1568,GMR,
Soph. OT 778,habent,del.,Valckenaer,pre-1775,P.Oxy. XI 1369,
Soph. OT 1245,κάλει,καλεῖ,Johannes Pierson,s.xviii med.,Ambros. G 56 sup.,
Soph. OT 1453,ζῶντε,ζῶντι,Johannes Pierson,s.xviii med.,Pal. gr. 40 (P) et a,
Soph. OT 1474,ἐγγόνοιν,ἐκγόνοιν,Valckenaer,1743-6,Paris. gr. 2787 (Zn) et Marc. gr. 472 (Jebb),
Soph. Phil. 256,που,πω,Markland,s.xviii med.,Marc. gr. 468 (V),
Soph. Phil. 614,ἤκουσεν,ἤκουσ’,Markland,s.xviii med.,z,
Soph. Phil. 614,ἤκουσεν,ἤκουσ’,Valckenaer,pre-1775,z,
Soph. Phil. 896,λόγῳ,λόγων,Valckenaer,pre-1775,Lond. Bibl.Brit.Harl. 5743,Miscell. Obs. Nov. T 3 p. 23 (?)
Soph. Phil. 1028,ἐξέβαλον/ἔκβαλον/ἐκβάλλον,ἔβαλον,Johannes Pierson,s.xviii med.,L et a et Zo,
Soph. Phil. 1238,ταῦτα,ταὐτὰ,Markland,s.xviii med.,LGRS,
Soph. T 1.9,σαφίλου/σοφίλου,Ἀναίους,Anton Westermann,1845,Laur. 28.25 (F),
Soph. T 1.16,(ἐν) τῇ,ἐν,Frederick H. M. Blaydes,1859,Vindob. phil. gr. 281 (Wc),
Soph. T 1.20,ὀδυσσ-/ὠδυσσ-,ὠδύσαντο,G. H. Schaefer,1810,Paris. gr. 2712 (A),
Soph. Trach. 326,δακρυρρόει,δακρυρροεῖ,Markland,s.xviii med.,Laur. 31.10 (K),
Soph. Trach. 328,αὐτῇ,αὐτή,Markland,s.xviii med.,Laur. 31.10 (K) et Laur. 32.2 (Zg),
Soph. Trach. 579,-ει(σ)μένον,ἐγκεκλῃμενον,Dindorf,n.d.,Oxy. XV 1805,
Soph. Trach. 747,καὶ,κοὐ,Markland,s.xviii med.,Laur. 32.2 (Zg),
Soph. Trach. 747,καὶ,κοὐ,Valckenaer,pre-1775,Laur. 32.2 (Zg),
Soph. Trach. 825,ἀναδοχάν,ἀνακωχάν,Valckenaer,1743-6,Laur. 32.2 (Zg),ἀνοκωχάν Zg
Soph. Trach. 977,γέρων,γέρον,Markland,s.xviii med.,a,
Soph. Trach. 1136,μνωμένη,μωμένη,Benjamin Heath,s.xviii in.,P.Oxy. XV 1805 et Laur. 31.10 (K),μωμ[
Soph. fr. 240,τὰ δ᾽ ὅσα,τάδε σε,Bergk,1859,Anon. Ambros. de re metr. 2.12,
Soph. fr. 265,ἀντεροῦσ-,ἀνταίρουσιν,Isaac Vossius,s.xvii,Cyrill.,apud Alberti
Soph. fr. 294,ἐπισχολάζεται,κοὐκ ἔτι σχολάζεται,Meineke,n.d.,P.Oxy. IX 1174,
Soph. fr. 330,-ὴν -ην/-ὴ -η,λευκῇ στάθμῃ,T. G. Tucker,1904,Sud. A (F),CR 18 (1904) 245
Soph. fr. 481,δρώπα/δρωπτά,δρωπά,J. A. H. Tittmann,1808,Suid. δ 1538,T. apud Zonar.
Soph. fr. 591,ἐν φύλων,ἕν φῦλον,Bergk,1836,Favorin. Π φυγῆς,ZfA 3 (1836) 78
Soph. fr. 635,σακκο-,σακοδερμηστής,Palmerius,1668,Synag. Phot.,ap. Hsch. σ 76
Sor. Gyn. 2-3,Ἀθηναίων,Ἀθηνίων,Wellmann,n.d.,PSI II 117,
Sor. Gyn. 2-3,τῆς αἱρέσεως,τῶν περὶ τ. α.,Rose,n.d.,PSI II 117,
Sor. Gyn. 2-3,Ζήνωνα ... Ἀριστοτέλην τὸν Ἐπικούριον,Ἀ. ... Ζ. τ. Ἐ.,Ermerins,n.d.,PSI II 117,
St.Byz. Δ 40,δειδείχ-/δεδείχ-,δειδέχαται,Bentley,1693,RVΠ,
Stob. 2.4.8,μόνον,μόνος,Grotius,1623,Paris. gr. 1985,
Stob. 3.3.14,τοι/τε,τι,Grotius,1623,Escur. LXXXX II Σ 14  (Dindorf),
Stob. 3.34.2,λέγε,λέγ᾽ εὖ,Valckenaer,1767,Laur. 8.22 (L),
Stob. 3.34.2,φέροι,φέρει,Cobet,1878,Laur. 8.22 (L),L 3.13
Stob. 4.20.46,χερσὶ(ν),χεροῖν,Scaliger,1623,Paris. 1985 (B) teste Brunck/Gaisford,S. apud Grotium
Stob. 4.20.46,ποτ᾽ ἐνίους,ποταινίους,Scaliger,1623,Paris. 1985 (B) teste Gaisford,S. apud Grotium
Stob. 4.21.20,-ειν,ἔχων,August Matthiae,1829,Exc. Stob. Escor. X-1-13,
Stob. 4.21.20,εἴην,εἴη,Valckenaer,1767,Exc. Stob. Escor. X-1-13,"'ut Pelopis fortasse sit votum, vel alterius, de filio loquentis'"
Stob. 4.39.15,λώϊστον δὲ ζ.,λῷστον δὲ τὸ ζῆν,Johannes Pierson,1759,Paris. 1985 (B) teste Brunck/Gaisford,
Str. 8.5.6,πολέμοις,-μιοις,Theodorus Agallianus,1446,Vat. gr. 2306 + 2061 A (P),
Str. 8.5.6,-ϲ(ιν) ἅρμαϲι,μυρίοιϲι νάμαϲι(ν),Casaubon,1621,Vat. gr. 2306 + 2061 A (P),μυριοιϲιν ναμαϲιν
Str. 8.5.6,-οτάτην,εὐβοτωτάτην,Casaubon,1621,Vat. gr. 2306 + 2061 A (P),
Str. 8.5.6,ποιμέϲιν,ποίμναιϲιν,Valckenaer,1755,Vat. gr. 2306 + 2061 A (P),Phoen. p.90
Str. 8.6.16,Οἰνώνης,Οἰνόης,Alessandro Politi,s.xvii/xviii,Vat. gr. 2306 + 2061 A (P),
Str. 8.7.5,Φαρ(ι)εῖς,Φαραιεῖς,Gustav Kramer,1844,Vat. gr. 2306 + 2061 A (P),
Str. 9.1.6,-δον/-μαλ κτλ.,ὅμαυλον,Dindorf,1832-60,EAs,
Str. 9.2.35,οὔτε,οὐδὲ,Adamantios Korais,1805,P.Petr. I 3,ουδ
Sud. ε 460,-βληκεν,ἀποβέβηκεν,Meineke,1823,Phot. ε 424,Men. et Phil. p. 15
Synag. 353.9,ἀτη-,ἀτειρής,Friedrich Wilhelm Wagner,1852,Phot. α 474,
Ter. An. 928,cito tibi,cito,Bentley,n.d.,P.Oxy. XIV 2401,
Theoc. 2.35/36a schol.,-δρομος,πρόδομος,Samuel Butler,1816,Bodl. Can. gr. 86 (Gaisford),
Theoc. 15.98,σπέρχιν/πέρχην,πέρυσιν,Reiske,s.xviii ex.,P.Oxy. XIII 1618,πέρυ]σιν
Theoc. 22.40,πεφύκασιν,πεφυκεσαν,Henri Estienne,1566,P.Oxy. XV 1806,
"Theognost. p. 38, 22",ἔαϲιν,ἐωϲιν,Dindorf,1864,cod. Barocc.,Thes.L.Gr. I/2 p. 9 C
Thuc. 1.110.4,Ἀθηναίων,Ἀθηνῶν,Bekker,1821,P.Oxy. XXXIV 2073,α[θη]ν̣ων
Thuc. 4.37,ὅτι,del.,Henrik van Herwerden,s.xix ex.,P.Oxy. I 16 et IV 696,
Thuc. 5.97,καὶ τοῦ,τοῦ καὶ,Krüger,n.d.,P.Oxy. VI 880,
Thuc. 7.55.1,στρατιᾶς,στρατείας,Aemilius Portus,n.d.,P.Oxy. XI 1376,
Thuc. 7.55.2,δὴ,ἤδη,Gertz,n.d.,P.Oxy. XI 1376,
Thuc. 7.65.2,ἂν,del.,Henrik van Herwerden,s.xix ex.,P.Oxy. XI 1376,sed cf. Stahl Qu. Gr. p. 25
Thuc. 8.10,ἑπτὰ,ἐς ἑπτὰ,Westermann,n.d.,P.Oxy. X 1247,
Thuc. 11.6,οὔτω,om.,Madvig,n.d.,P.Oxy. XIII 1621,
Thuc. 11.9,ἡμῖν,ὑμῖν,Hude,n.d.,P.Oxy. VI 853 et XIII 1621,
Xen. Oec. 9.2,τῆς οἰκίας,τῆς γε οἰκίας,Cobet,s.xix ex.,P.Oxy. II 227,
Xen. Oec. 9.2,ἑκάστῳ,ἐν ἑκάστῳ,Schneider,n.d.,P.Oxy. II 227,
Zen. 4.80,-ω,Δακτύλων,Andreas Schott,1612,Angel. et Marc. et Paris.,
[Hdn.] Philet. 210,κυν-,κινάραν,Nauck,1889,Q,
